{
  "x_dim": [
    -5.0,
    5.0
  ],
  "y_dim": [
    -5.0,
    5.0
  ],
  "res_x": 100,
  "res_y": 100,
  "N": 20,
  "dims": 3,
  "alphas": [
    [
      0.015653805807232857,
      0.005511838477104902,
      0.011129065416753292
    ],
    [
      0.015319526195526123,
      0.0663057416677475,
      0.03827526047825813
    ],
    [
      -0.3033868074417114,
      -0.11573899537324905,
      -0.016912277787923813
    ],
    [
      -0.018407341092824936,
      0.17779606580734253,
      -0.25946661829948425
    ],
    [
      -0.01760784164071083,
      -0.0062827616930007935,
      -0.012451854534447193
    ],
    [
      -0.03770728036761284,
      -0.31202754378318787,
      -0.16085603833198547
    ],
    [
      0.3567359149456024,
      0.6754541993141174,
      0.10378652065992355
    ],
    [
      0.0021967818029224873,
      0.000511480844579637,
      0.0013937511248514056
    ],
    [
      0.36639001965522766,
      0.24799802899360657,
      0.18011236190795898
    ],
    [
      0.020151209086179733,
      -0.15836961567401886,
      0.23684479296207428
    ],
    [
      0.3379584550857544,
      0.09888296574354172,
      0.023501873016357422
    ],
    [
      0.4223807156085968,
      0.1702377200126648,
      0.21097557246685028
    ],
    [
      0.16578173637390137,
      0.17484688758850098,
      -0.34421810507774353
    ],
    [
      -0.022553609684109688,
      -0.1219887062907219,
      0.3796319365501404
    ],
    [
      0.10510479658842087,
      -0.23082011938095093,
      -0.11404545605182648
    ],
    [
      -0.03377271443605423,
      -0.017031200230121613,
      -0.018409695476293564
    ],
    [
      0.31971096992492676,
      0.33979758620262146,
      0.25528883934020996
    ],
    [
      0.36223357915878296,
      0.1668747067451477,
      0.23065808415412903
    ],
    [
      0.2934020161628723,
      0.15120111405849457,
      0.2009601891040802
    ],
    [
      0.0022015406284481287,
      -0.05760283023118973,
      0.07809264957904816
    ]
  ],
  "centers": [
    [
      2.738781690597534,
      -4.909127712249756
    ],
    [
      -4.417823791503906,
      4.029345989227295
    ],
    [
      0.6891486048698425,
      4.46457576751709
    ],
    [
      -3.556051731109619,
      -4.16216516494751
    ],
    [
      2.5308032035827637,
      -4.207322120666504
    ],
    [
      -3.9014413356781006,
      2.011713981628418
    ],
    [
      1.5177205801010132,
      2.5840840339660645
    ],
    [
      1.2219877243041992,
      -2.5913333892822266
    ],
    [
      -4.8914265632629395,
      1.8292781114578247
    ],
    [
      -3.6708052158355713,
      -3.9458072185516357
    ],
    [
      0.40828803181648254,
      4.665764808654785
    ],
    [
      -3.127073049545288,
      0.8217427730560303
    ],
    [
      -2.0694873332977295,
      -0.17715975642204285
    ],
    [
      -2.0036516189575195,
      -0.21903032064437866
    ],
    [
      -1.8386335372924805,
      2.304715394973755
    ],
    [
      4.406802654266357,
      0.5164346098899841
    ],
    [
      -2.244255781173706,
      2.398137092590332
    ],
    [
      3.149442434310913,
      -0.779143214225769
    ],
    [
      4.296692848205566,
      -2.626617431640625
    ],
    [
      -2.865935802459717,
      -5.365692615509033
    ]
  ],
  "sigmas": [
    [
      1.3240611553192139,
      1.1085580587387085
    ],
    [
      1.0006369352340698,
      1.293922781944275
    ],
    [
      1.0990971326828003,
      0.9128319621086121
    ],
    [
      1.0076441764831543,
      1.2709683179855347
    ],
    [
      1.1107555627822876,
      1.184446096420288
    ],
    [
      1.7409003973007202,
      1.359363079071045
    ],
    [
      0.594352662563324,
      1.5089102983474731
    ],
    [
      1.0232723951339722,
      1.0624626874923706
    ],
    [
      1.188866376876831,
      1.3700929880142212
    ],
    [
      1.0257405042648315,
      1.1193760633468628
    ],
    [
      0.9678114056587219,
      1.137341856956482
    ],
    [
      1.386237382888794,
      1.0405023097991943
    ],
    [
      1.1574567556381226,
      1.0888841152191162
    ],
    [
      1.2095494270324707,
      1.0546880960464478
    ],
    [
      1.1023296117782593,
      0.9960958361625671
    ],
    [
      1.2694193124771118,
      1.0479968786239624
    ],
    [
      1.3792641162872314,
      1.084281086921692
    ],
    [
      0.7499464750289917,
      1.1762046813964844
    ],
    [
      1.0954276323318481,
      0.6207748055458069
    ],
    [
      0.9754592180252075,
      0.8370497226715088
    ]
  ],
  "thetas": [
    -0.47665321826934814,
    0.16128672659397125,
    -0.3804916739463806,
    0.5010859370231628,
    0.02857489325106144,
    -1.0025546550750732,
    -0.7448710799217224,
    0.15142002701759338,
    -0.8708726763725281,
    0.6975175142288208,
    -0.3933205008506775,
    0.4460327625274658,
    0.29465368390083313,
    0.4817580580711365,
    2.3152267932891846,
    -0.32033202052116394,
    -0.30572864413261414,
    0.4959416687488556,
    -0.9401416778564453,
    -0.8569048047065735
  ]
}